name,model,quant,ROUGE-L,METEOR,CIDEr-D,SODA_c,content_type,framing,setting,activity,city,area,people,tags_F1,ocr_ROUGE-1,ocr_ROUGE-L,scored,parse_errors,repaired,s/scene,peak_GB,weights_GB
baseline_majority,majority-class baseline (no video),-,0.199,0.121,0.040,0.118,0.770,0.672,0.690,0.646,0.654,0.953,0.584,0.663,0.275,0.275,570,0,0,,,
internvl3_5_1b,OpenGVLab/InternVL3_5-1B-HF,none,0.325,0.280,0.351,0.273,0.812,0.710,0.977,0.123,0.652,0.568,0.501,0.573,0.475,0.464,569,1,431,2.137,8.380,2.120
internvl3_5_2b,OpenGVLab/InternVL3_5-2B-HF,none,0.334,0.273,0.331,0.265,0.593,0.718,0.600,0.461,0.672,0.932,0.517,0.615,0.688,0.679,570,0,105,1.571,12.050,4.700
internvl3_5_4b,OpenGVLab/InternVL3_5-4B-HF,none,0.346,0.306,0.477,0.298,0.781,0.670,0.765,0.402,0.751,0.951,0.565,0.783,0.708,0.696,570,0,158,2.103,19.090,9.460
qwen3_5_0_8b,Qwen/Qwen3.5-0.8B,none,0.339,0.285,0.405,0.262,0.819,0.632,0.938,0.148,0.482,0.426,0.512,0.636,0.644,0.623,514,64,164,4.972,3.580,1.710
qwen3_5_2b,Qwen/Qwen3.5-2B,none,0.347,0.344,0.634,0.332,0.704,0.695,0.908,0.067,0.731,0.819,0.496,0.670,0.757,0.738,568,2,137,2.093,6.510,4.430
qwen3_5_4b,Qwen/Qwen3.5-4B,none,0.387,0.366,0.778,0.358,0.841,0.718,0.497,0.034,0.774,0.833,0.582,0.841,0.774,0.754,567,4,2,3.083,12.780,9.080
qwen3_5_9b_bf16,Qwen/Qwen3.5-9B,none,0.420,0.413,0.969,0.401,0.864,0.593,0.961,0.078,0.811,0.919,0.721,0.871,0.783,0.764,567,4,2,3.004,22.810,18.820
qwen3_5_9b_8bit,Qwen/Qwen3.5-9B,8bit,0.412,0.397,0.908,0.387,0.866,0.600,0.960,0.079,0.808,0.926,0.715,0.868,0.775,0.755,568,2,0,9.875,16.090,11.900
qwen3_5_9b_4bit,Qwen/Qwen3.5-9B,4bit,0.397,0.400,0.856,0.389,0.874,0.677,0.939,0.100,0.808,0.859,0.707,0.871,0.783,0.762,569,1,13,3.516,12.880,8.440
qwen3_6_27b_bf16,Qwen/Qwen3.6-27B,none,0.415,0.406,0.954,0.396,0.888,0.732,0.997,0.088,0.805,0.895,0.784,0.865,0.804,0.781,570,0,0,4.039,61.240,54.710
qwen3_6_27b_hqq8,Qwen/Qwen3.6-27B,hqq8,0.416,0.408,0.953,0.399,0.893,0.737,0.997,0.084,0.803,0.888,0.788,0.868,0.805,0.783,570,0,0,14.933,38.460,31.940
qwen3_6_27b_hqq4,Qwen/Qwen3.6-27B,hqq4,0.420,0.401,0.938,0.392,0.889,0.732,0.997,0.091,0.810,0.902,0.753,0.863,0.795,0.773,570,0,0,16.803,26.290,19.770
qwen3_6_27b_hqq1,Qwen/Qwen3.6-27B,hqq1,0,0.000,0.000,0.000,0.037,0.074,0,0,0.617,0.975,0.210,0.000,0.296,0.296,81,552,81,93.365,17.150,10.630
