video,scene,start_sec,end_sec,length_sec
1. Launch of Belfast Children's Festival 2016 280116,1,0,13.44,13.44
1. Launch of Belfast Children's Festival 2016 280116,2,13.44,43.92,30.48
1. Launch of Belfast Children's Festival 2016 280116,3,43.92,55.16,11.24
1. Launch of Belfast Children's Festival 2016 280116,4,55.16,127.12,71.96
1. Launch of Belfast Children's Festival 2016 280116,5,127.12,156.72,29.6
1. Launch of Belfast Children's Festival 2016 280116,6,156.72,197.96,41.24
1. Launch of Belfast Children's Festival 2016 280116,7,197.96,210.08,12.12
1. Launch of Belfast Children's Festival 2016 280116,8,210.08,275.88,65.8
1. Launch of Belfast Children's Festival 2016 280116,9,275.88,294.36,18.48
1. Launch of Belfast Children's Festival 2016 280116,10,294.36,324.76,30.4
1. Launch of Belfast Children's Festival 2016 280116,11,324.76,336.84,12.08
1. Launch of Belfast Children's Festival 2016 280116,12,336.84,477.76,140.92
10. Jacobin Launch 230316,1,0,33,33
10. Jacobin Launch 230316,2,33,46.28,13.28
10. Jacobin Launch 230316,3,46.28,69.04,22.76
10. Jacobin Launch 230316,4,69.04,100.88,31.84
10. Jacobin Launch 230316,5,100.88,129.92,29.04
10. Jacobin Launch 230316,6,129.92,147.72,17.8
10. Jacobin Launch 230316,7,147.72,164,16.28
10. Jacobin Launch 230316,8,164,197.76,33.76
10. Jacobin Launch 230316,9,197.76,221.12,23.36
10. Jacobin Launch 230316,10,221.12,248.08,26.96
10. Jacobin Launch 230316,11,248.08,297.04,48.96
10. Jacobin Launch 230316,12,297.04,319.08,22.04
10. Jacobin Launch 230316,13,319.08,355.2,36.12
10. Jacobin Launch 230316,14,355.2,368.4,13.2
10. Jacobin Launch 230316,15,368.4,400.56,32.16
10. Jacobin Launch 230316,16,400.56,430.6,30.04
10. Jacobin Launch 230316,17,430.6,464.64,34.04
10. Jacobin Launch 230316,18,464.64,467.68,3.04
11. Poor Mental Health on Peace Lines 150416,1,0,18.84,18.84
11. Poor Mental Health on Peace Lines 150416,2,18.84,51.64,32.8
11. Poor Mental Health on Peace Lines 150416,3,51.64,63.4,11.76
11. Poor Mental Health on Peace Lines 150416,4,63.4,136.84,73.44
11. Poor Mental Health on Peace Lines 150416,5,136.84,147.28,10.44
11. Poor Mental Health on Peace Lines 150416,6,147.28,190.92,43.64
11. Poor Mental Health on Peace Lines 150416,7,190.92,213.4,22.48
11. Poor Mental Health on Peace Lines 150416,8,213.4,243.28,29.88
11. Poor Mental Health on Peace Lines 150416,9,243.28,258.2,14.92
11. Poor Mental Health on Peace Lines 150416,10,258.2,268.48,10.28
11. Poor Mental Health on Peace Lines 150416,11,268.48,287.56,19.08
11. Poor Mental Health on Peace Lines 150416,12,287.56,343.28,55.72
11. Poor Mental Health on Peace Lines 150416,13,343.28,356.28,13
11. Poor Mental Health on Peace Lines 150416,14,356.28,361.04,4.76
12. Oliver Pollock Blue Plaque Unveiling 150416,1,0,28.8,28.8
12. Oliver Pollock Blue Plaque Unveiling 150416,2,28.8,52.48,23.68
12. Oliver Pollock Blue Plaque Unveiling 150416,3,52.48,85.36,32.88
12. Oliver Pollock Blue Plaque Unveiling 150416,4,85.36,121.04,35.68
12. Oliver Pollock Blue Plaque Unveiling 150416,5,121.04,142.72,21.68
12. Oliver Pollock Blue Plaque Unveiling 150416,6,142.72,169.2,26.48
12. Oliver Pollock Blue Plaque Unveiling 150416,7,169.2,180.04,10.84
12. Oliver Pollock Blue Plaque Unveiling 150416,8,180.04,208.08,28.04
12. Oliver Pollock Blue Plaque Unveiling 150416,9,208.08,218.8,10.72
12. Oliver Pollock Blue Plaque Unveiling 150416,10,218.8,233,14.2
12. Oliver Pollock Blue Plaque Unveiling 150416,11,233,243.44,10.44
12. Oliver Pollock Blue Plaque Unveiling 150416,12,243.44,273.28,29.84
12. Oliver Pollock Blue Plaque Unveiling 150416,13,273.28,286.36,13.08
12. Oliver Pollock Blue Plaque Unveiling 150416,14,286.36,297.8,11.44
12. Oliver Pollock Blue Plaque Unveiling 150416,15,297.8,328.84,31.04
13. Reading Rooms at Open University 150416,1,0,36.64,36.64
13. Reading Rooms at Open University 150416,2,36.64,47.8,11.16
13. Reading Rooms at Open University 150416,3,47.8,77.08,29.28
13. Reading Rooms at Open University 150416,4,77.08,93.48,16.4
13. Reading Rooms at Open University 150416,5,93.48,136.72,43.24
13. Reading Rooms at Open University 150416,6,136.72,152.76,16.04
13. Reading Rooms at Open University 150416,7,152.76,191.56,38.8
13. Reading Rooms at Open University 150416,8,191.56,206.92,15.36
13. Reading Rooms at Open University 150416,9,206.92,235.44,28.52
13. Reading Rooms at Open University 150416,10,235.44,246.16,10.72
13. Reading Rooms at Open University 150416,11,246.16,284.64,38.48
13. Reading Rooms at Open University 150416,12,284.64,307.4,22.76
13. Reading Rooms at Open University 150416,13,307.4,322.16,14.76
14. Kabosh - 1916 Community Play 150416,1,0,14.56,14.56
14. Kabosh - 1916 Community Play 150416,2,14.56,32.52,17.96
14. Kabosh - 1916 Community Play 150416,3,32.52,71.4,38.88
14. Kabosh - 1916 Community Play 150416,4,71.4,104.96,33.56
14. Kabosh - 1916 Community Play 150416,5,104.96,115.28,10.32
14. Kabosh - 1916 Community Play 150416,6,115.28,169.64,54.36
14. Kabosh - 1916 Community Play 150416,7,169.64,187.52,17.88
14. Kabosh - 1916 Community Play 150416,8,187.52,236.36,48.84
14. Kabosh - 1916 Community Play 150416,9,236.36,256.08,19.72
14. Kabosh - 1916 Community Play 150416,10,256.08,319.72,63.64
15. May Day Parade 020516,1,0,14.16,14.16
15. May Day Parade 020516,2,14.16,25.52,11.36
15. May Day Parade 020516,3,25.52,51.68,26.16
15. May Day Parade 020516,4,51.68,67.64,15.96
15. May Day Parade 020516,5,67.64,91.92,24.28
15. May Day Parade 020516,6,91.92,103.88,11.96
15. May Day Parade 020516,7,103.88,121.48,17.6
15. May Day Parade 020516,8,121.48,140.16,18.68
15. May Day Parade 020516,9,140.16,158.68,18.52
15. May Day Parade 020516,10,158.68,207.52,48.84
15. May Day Parade 020516,11,207.52,232.12,24.6
15. May Day Parade 020516,12,232.12,252.92,20.8
15. May Day Parade 020516,13,252.92,268.76,15.84
15. May Day Parade 020516,14,268.76,283.44,14.68
15. May Day Parade 020516,15,283.44,298.68,15.24
15. May Day Parade 020516,16,298.68,312.44,13.76
15. May Day Parade 020516,17,312.44,324.8,12.36
15. May Day Parade 020516,18,324.8,344.72,19.92
15. May Day Parade 020516,19,344.72,362.28,17.56
15. May Day Parade 020516,20,362.28,373.6,11.32
15. May Day Parade 020516,21,373.6,383.92,10.32
15. May Day Parade 020516,22,383.92,431.12,47.2
15. May Day Parade 020516,23,431.12,462.24,31.12
15. May Day Parade 020516,24,462.24,479.28,17.04
15. May Day Parade 020516,25,479.28,507.76,28.48
15. May Day Parade 020516,26,507.76,520.24,12.48
16. Political Special 020516,1,0,12.32,12.32
16. Political Special 020516,2,12.32,32.76,20.44
16. Political Special 020516,3,32.76,60.56,27.8
16. Political Special 020516,4,60.56,91.6,31.04
16. Political Special 020516,5,91.6,120.72,29.12
16. Political Special 020516,6,120.72,139.88,19.16
16. Political Special 020516,7,139.88,152.52,12.64
16. Political Special 020516,8,152.52,169.88,17.36
16. Political Special 020516,9,169.88,209.56,39.68
16. Political Special 020516,10,209.56,244.2,34.64
16. Political Special 020516,11,244.2,270.76,26.56
16. Political Special 020516,12,270.76,319.32,48.56
16. Political Special 020516,13,319.32,354.56,35.24
16. Political Special 020516,14,354.56,383.08,28.52
16. Political Special 020516,15,383.08,413.28,30.2
16. Political Special 020516,16,413.28,441.64,28.36
16. Political Special 020516,17,441.64,466.72,25.08
16. Political Special 020516,18,466.72,498.04,31.32
16. Political Special 020516,19,498.04,511.72,13.68
16. Political Special 020516,20,511.72,542.56,30.84
16. Political Special 020516,21,542.56,554.8,12.24
16. Political Special 020516,22,554.8,574.68,19.88
16. Political Special 020516,23,574.68,594.28,19.6
16. Political Special 020516,24,594.28,621.04,26.76
16. Political Special 020516,25,621.04,634,12.96
16. Political Special 020516,26,634,657.36,23.36
17. Belfast Telegraph 100516,1,0,33.44,33.44
17. Belfast Telegraph 100516,2,33.44,55.64,22.2
17. Belfast Telegraph 100516,3,55.64,70.08,14.44
17. Belfast Telegraph 100516,4,70.08,86.08,16
17. Belfast Telegraph 100516,5,86.08,104.36,18.28
17. Belfast Telegraph 100516,6,104.36,179.68,75.32
17. Belfast Telegraph 100516,7,179.68,199.8,20.12
17. Belfast Telegraph 100516,8,199.8,231.08,31.28
17. Belfast Telegraph 100516,9,231.08,255.72,24.64
17. Belfast Telegraph 100516,10,255.72,289.88,34.16
17. Belfast Telegraph 100516,11,289.88,301.44,11.56
17. Belfast Telegraph 100516,12,301.44,332.36,30.92
17. Belfast Telegraph 100516,13,332.36,343.4,11.04
17. Belfast Telegraph 100516,14,343.4,357.44,14.04
18. Fergal McFerran 100516,1,0,102.4,102.4
18. Fergal McFerran 100516,2,102.4,126.32,23.92
18. Fergal McFerran 100516,3,126.32,136.36,10.04
18. Fergal McFerran 100516,4,136.36,156.6,20.24
18. Fergal McFerran 100516,5,156.6,181.4,24.8
18. Fergal McFerran 100516,6,181.4,192.96,11.56
18. Fergal McFerran 100516,7,192.96,252.52,59.56
18. Fergal McFerran 100516,8,252.52,268.88,16.36
18. Fergal McFerran 100516,9,268.88,325.68,56.8
18. Fergal McFerran 100516,10,325.68,340.64,14.96
18. Fergal McFerran 100516,11,340.64,361.48,20.84
19. George McBride 100516,1,0,37.88,37.88
19. George McBride 100516,2,37.88,61.24,23.36
19. George McBride 100516,3,61.24,73.32,12.08
19. George McBride 100516,4,73.32,133,59.68
19. George McBride 100516,5,133,148.24,15.24
19. George McBride 100516,6,148.24,191.88,43.64
19. George McBride 100516,7,191.88,204.84,12.96
19. George McBride 100516,8,204.84,247.72,42.88
19. George McBride 100516,9,247.72,272.72,25
19. George McBride 100516,10,272.72,290.04,17.32
19. George McBride 100516,11,290.04,320.92,30.88
19. George McBride 100516,12,320.92,351.8,30.88
2. Belfast's City Council - Step Up To Learn Programme 280116,1,0,44.56,44.56
2. Belfast's City Council - Step Up To Learn Programme 280116,2,44.56,62.8,18.24
2. Belfast's City Council - Step Up To Learn Programme 280116,3,62.8,90.44,27.64
2. Belfast's City Council - Step Up To Learn Programme 280116,4,90.44,106.76,16.32
2. Belfast's City Council - Step Up To Learn Programme 280116,5,106.76,123.4,16.64
2. Belfast's City Council - Step Up To Learn Programme 280116,6,123.4,165.96,42.56
2. Belfast's City Council - Step Up To Learn Programme 280116,7,165.96,183.28,17.32
2. Belfast's City Council - Step Up To Learn Programme 280116,8,183.28,217.88,34.6
2. Belfast's City Council - Step Up To Learn Programme 280116,9,217.88,271.56,53.68
2. Belfast's City Council - Step Up To Learn Programme 280116,10,271.56,293.28,21.72
2. Belfast's City Council - Step Up To Learn Programme 280116,11,293.28,304.12,10.84
2. Belfast's City Council - Step Up To Learn Programme 280116,12,304.12,350.88,46.76
20. Writers on Writers Festival 100516,1,0,75.28,75.28
20. Writers on Writers Festival 100516,2,75.28,136.64,61.36
20. Writers on Writers Festival 100516,3,136.64,152.2,15.56
20. Writers on Writers Festival 100516,4,152.2,176.12,23.92
20. Writers on Writers Festival 100516,5,176.12,197.12,21
20. Writers on Writers Festival 100516,6,197.12,208.72,11.6
20. Writers on Writers Festival 100516,7,208.72,236,27.28
20. Writers on Writers Festival 100516,8,236,280.6,44.6
24. Fairtrade Campaign 070616,1,0,27.64,27.64
24. Fairtrade Campaign 070616,2,27.64,63.52,35.88
24. Fairtrade Campaign 070616,3,63.52,85.6,22.08
24. Fairtrade Campaign 070616,4,85.6,102.32,16.72
24. Fairtrade Campaign 070616,5,102.32,150.28,47.96
24. Fairtrade Campaign 070616,6,150.28,171.08,20.8
24. Fairtrade Campaign 070616,7,171.08,207.16,36.08
24. Fairtrade Campaign 070616,8,207.16,225.28,18.12
24. Fairtrade Campaign 070616,9,225.28,236.92,11.64
24. Fairtrade Campaign 070616,10,236.92,247.96,11.04
24. Fairtrade Campaign 070616,11,247.96,293.28,45.32
24. Fairtrade Campaign 070616,12,293.28,306.2,12.92
24. Fairtrade Campaign 070616,13,306.2,350.8,44.6
25. Blue Plaque Unveiling 010716,1,0,39.04,39.04
25. Blue Plaque Unveiling 010716,2,39.04,72.68,33.64
25. Blue Plaque Unveiling 010716,3,72.68,91.68,19
25. Blue Plaque Unveiling 010716,4,91.68,115.24,23.56
25. Blue Plaque Unveiling 010716,5,115.24,125.44,10.2
25. Blue Plaque Unveiling 010716,6,125.44,136.04,10.6
25. Blue Plaque Unveiling 010716,7,136.04,181.88,45.84
25. Blue Plaque Unveiling 010716,8,181.88,193.88,12
25. Blue Plaque Unveiling 010716,9,193.88,233.2,39.32
25. Blue Plaque Unveiling 010716,10,233.2,246.6,13.4
25. Blue Plaque Unveiling 010716,11,246.6,277.6,31
25. Blue Plaque Unveiling 010716,12,277.6,297.32,19.72
25. Blue Plaque Unveiling 010716,13,297.32,355.2,57.88
25. Blue Plaque Unveiling 010716,14,355.2,383.32,28.12
25. Blue Plaque Unveiling 010716,15,383.32,425.92,42.6
25. Blue Plaque Unveiling 010716,16,425.92,438.76,12.84
25. Blue Plaque Unveiling 010716,17,438.76,491.56,52.8
26. Sixteen South 010716,1,0,46.44,46.44
26. Sixteen South 010716,2,46.44,78.4,31.96
26. Sixteen South 010716,3,78.4,94.04,15.64
26. Sixteen South 010716,4,94.04,159.76,65.72
26. Sixteen South 010716,5,159.76,177.2,17.44
26. Sixteen South 010716,6,177.2,219.44,42.24
26. Sixteen South 010716,7,219.44,235.04,15.6
26. Sixteen South 010716,8,235.04,280.16,45.12
26. Sixteen South 010716,9,280.16,296.12,15.96
26. Sixteen South 010716,10,296.12,301.04,4.92
27. Growing in a Shared City 010716,1,0,25,25
27. Growing in a Shared City 010716,2,25,59.2,34.2
27. Growing in a Shared City 010716,3,59.2,74.76,15.56
27. Growing in a Shared City 010716,4,74.76,99.96,25.2
27. Growing in a Shared City 010716,5,99.96,113.56,13.6
27. Growing in a Shared City 010716,6,113.56,133.32,19.76
27. Growing in a Shared City 010716,7,133.32,152.32,19
27. Growing in a Shared City 010716,8,152.32,221.68,69.36
27. Growing in a Shared City 010716,9,221.68,235.56,13.88
27. Growing in a Shared City 010716,10,235.56,271.96,36.4
28. Feile an Phobail launch 010716,1,0,43.4,43.4
28. Feile an Phobail launch 010716,2,43.4,69.44,26.04
28. Feile an Phobail launch 010716,3,69.44,91.96,22.52
28. Feile an Phobail launch 010716,4,91.96,199.12,107.16
28. Feile an Phobail launch 010716,5,199.12,209.44,10.32
28. Feile an Phobail launch 010716,6,209.44,255.32,45.88
28. Feile an Phobail launch 010716,7,255.32,266.56,11.24
28. Feile an Phobail launch 010716,8,266.56,288.8,22.24
28. Feile an Phobail launch 010716,9,288.8,299.84,11.04
28. Feile an Phobail launch 010716,10,299.84,299.92,0.08
29. Blue Plaque Unveiling 200716,1,0,25.72,25.72
29. Blue Plaque Unveiling 200716,2,25.72,99.96,74.24
29. Blue Plaque Unveiling 200716,3,99.96,128.64,28.68
29. Blue Plaque Unveiling 200716,4,128.64,158.08,29.44
29. Blue Plaque Unveiling 200716,5,158.08,182.24,24.16
29. Blue Plaque Unveiling 200716,6,182.24,203.6,21.36
29. Blue Plaque Unveiling 200716,7,203.6,226.68,23.08
29. Blue Plaque Unveiling 200716,8,226.68,245.88,19.2
29. Blue Plaque Unveiling 200716,9,245.88,298.88,53
29. Blue Plaque Unveiling 200716,10,298.88,316.52,17.64
29. Blue Plaque Unveiling 200716,11,316.52,330.6,14.08
29. Blue Plaque Unveiling 200716,12,330.6,356.36,25.76
29. Blue Plaque Unveiling 200716,13,356.36,371.08,14.72
29. Blue Plaque Unveiling 200716,14,371.08,405.36,34.28
29. Blue Plaque Unveiling 200716,15,405.36,441.16,35.8
29. Blue Plaque Unveiling 200716,16,441.16,451.2,10.04
29. Blue Plaque Unveiling 200716,17,451.2,462.84,11.64
29. Blue Plaque Unveiling 200716,18,462.84,496.76,33.92
29. Blue Plaque Unveiling 200716,19,496.76,510.8,14.04
29. Blue Plaque Unveiling 200716,20,510.8,515.36,4.56
3. Fire Brigades Union Northern Ireland - Threats to the Fire and Rescue Service 280116,1,0,16.4,16.4
3. Fire Brigades Union Northern Ireland - Threats to the Fire and Rescue Service 280116,2,16.4,48.44,32.04
3. Fire Brigades Union Northern Ireland - Threats to the Fire and Rescue Service 280116,3,48.44,63.72,15.28
3. Fire Brigades Union Northern Ireland - Threats to the Fire and Rescue Service 280116,4,63.72,101.44,37.72
3. Fire Brigades Union Northern Ireland - Threats to the Fire and Rescue Service 280116,5,101.44,114.08,12.64
3. Fire Brigades Union Northern Ireland - Threats to the Fire and Rescue Service 280116,6,114.08,140.4,26.32
3. Fire Brigades Union Northern Ireland - Threats to the Fire and Rescue Service 280116,7,140.4,161.04,20.64
3. Fire Brigades Union Northern Ireland - Threats to the Fire and Rescue Service 280116,8,161.04,207.24,46.2
3. Fire Brigades Union Northern Ireland - Threats to the Fire and Rescue Service 280116,9,207.24,238.4,31.16
3. Fire Brigades Union Northern Ireland - Threats to the Fire and Rescue Service 280116,10,238.4,291.88,53.48
3. Fire Brigades Union Northern Ireland - Threats to the Fire and Rescue Service 280116,11,291.88,322.96,31.08
3. Fire Brigades Union Northern Ireland - Threats to the Fire and Rescue Service 280116,12,322.96,347.96,25
3. Fire Brigades Union Northern Ireland - Threats to the Fire and Rescue Service 280116,13,347.96,362.2,14.24
3. Fire Brigades Union Northern Ireland - Threats to the Fire and Rescue Service 280116,14,362.2,410.24,48.04
3. Fire Brigades Union Northern Ireland - Threats to the Fire and Rescue Service 280116,15,410.24,460.92,50.68
3. Fire Brigades Union Northern Ireland - Threats to the Fire and Rescue Service 280116,16,460.92,483.12,22.2
3. Fire Brigades Union Northern Ireland - Threats to the Fire and Rescue Service 280116,17,483.12,498.12,15
3. Fire Brigades Union Northern Ireland - Threats to the Fire and Rescue Service 280116,18,498.12,502.68,4.56
30. Social Policy Association 200716,1,0,66.6,66.6
30. Social Policy Association 200716,2,66.6,76.64,10.04
30. Social Policy Association 200716,3,76.64,94.24,17.6
30. Social Policy Association 200716,4,94.24,117.36,23.12
30. Social Policy Association 200716,5,117.36,131.4,14.04
30. Social Policy Association 200716,6,131.4,162.04,30.64
30. Social Policy Association 200716,7,162.04,196,33.96
30. Social Policy Association 200716,8,196,211.4,15.4
30. Social Policy Association 200716,9,211.4,267.28,55.88
30. Social Policy Association 200716,10,267.28,301.64,34.36
30. Social Policy Association 200716,11,301.64,314.88,13.24
30. Social Policy Association 200716,12,314.88,343.72,28.84
30. Social Policy Association 200716,13,343.72,429.92,86.2
30. Social Policy Association 200716,14,429.92,453.84,23.92
30. Social Policy Association 200716,15,453.84,517.36,63.52
31. Lilly and the Poppy Exhibition 200716,1,0,28.68,28.68
31. Lilly and the Poppy Exhibition 200716,2,28.68,174.8,146.12
31. Lilly and the Poppy Exhibition 200716,3,174.8,187.64,12.84
31. Lilly and the Poppy Exhibition 200716,4,187.64,207,19.36
31. Lilly and the Poppy Exhibition 200716,5,207,219.2,12.2
31. Lilly and the Poppy Exhibition 200716,6,219.2,255.96,36.76
31. Lilly and the Poppy Exhibition 200716,7,255.96,285.24,29.28
31. Lilly and the Poppy Exhibition 200716,8,285.24,303.84,18.6
31. Lilly and the Poppy Exhibition 200716,9,303.84,315.64,11.8
31. Lilly and the Poppy Exhibition 200716,10,315.64,333.84,18.2
"33. Sculpture celebrating World Boxer, Rinty Monaghan 010816",1,0,21.32,21.32
"33. Sculpture celebrating World Boxer, Rinty Monaghan 010816",2,21.32,94.48,73.16
"33. Sculpture celebrating World Boxer, Rinty Monaghan 010816",3,94.48,105.12,10.64
"33. Sculpture celebrating World Boxer, Rinty Monaghan 010816",4,105.12,272.16,167.04
"33. Sculpture celebrating World Boxer, Rinty Monaghan 010816",5,272.16,282.24,10.08
"33. Sculpture celebrating World Boxer, Rinty Monaghan 010816",6,282.24,303.16,20.92
"33. Sculpture celebrating World Boxer, Rinty Monaghan 010816",7,303.16,317.28,14.12
"33. Sculpture celebrating World Boxer, Rinty Monaghan 010816",8,317.28,317.48,0.2
34. Prince's Trust 010816,1,0,29.64,29.64
34. Prince's Trust 010816,2,29.64,53.28,23.64
34. Prince's Trust 010816,3,53.28,67.88,14.6
34. Prince's Trust 010816,4,67.88,135.64,67.76
34. Prince's Trust 010816,5,135.64,186.6,50.96
34. Prince's Trust 010816,6,186.6,228.88,42.28
34. Prince's Trust 010816,7,228.88,260.92,32.04
34. Prince's Trust 010816,8,260.92,329.4,68.48
34. Prince's Trust 010816,9,329.4,344.36,14.96
34. Prince's Trust 010816,10,344.36,382.76,38.4
35. Campa Chormaic 010816,1,0,39.68,39.68
35. Campa Chormaic 010816,2,39.68,92.16,52.48
35. Campa Chormaic 010816,3,92.16,121.28,29.12
35. Campa Chormaic 010816,4,121.28,193.6,72.32
35. Campa Chormaic 010816,5,193.6,203.64,10.04
35. Campa Chormaic 010816,6,203.64,217.48,13.84
35. Campa Chormaic 010816,7,217.48,228.92,11.44
35. Campa Chormaic 010816,8,228.92,243.76,14.84
35. Campa Chormaic 010816,9,243.76,254,10.24
35. Campa Chormaic 010816,10,254,273.64,19.64
35. Campa Chormaic 010816,11,273.64,284.64,11
35. Campa Chormaic 010816,12,284.64,322.32,37.68
35. Campa Chormaic 010816,13,322.32,343.8,21.48
35. Campa Chormaic 010816,14,343.8,350.12,6.32
36. Tourette Alliance First Annual Conference 090816,1,0,48.64,48.64
36. Tourette Alliance First Annual Conference 090816,2,48.64,63.76,15.12
36. Tourette Alliance First Annual Conference 090816,3,63.76,93.92,30.16
36. Tourette Alliance First Annual Conference 090816,4,93.92,110.48,16.56
36. Tourette Alliance First Annual Conference 090816,5,110.48,150.52,40.04
36. Tourette Alliance First Annual Conference 090816,6,150.52,166.92,16.4
36. Tourette Alliance First Annual Conference 090816,7,166.92,225.32,58.4
36. Tourette Alliance First Annual Conference 090816,8,225.32,240.96,15.64
36. Tourette Alliance First Annual Conference 090816,9,240.96,258.56,17.6
36. Tourette Alliance First Annual Conference 090816,10,258.56,273.4,14.84
36. Tourette Alliance First Annual Conference 090816,11,273.4,351.28,77.88
36. Tourette Alliance First Annual Conference 090816,12,351.28,375.28,24
36. Tourette Alliance First Annual Conference 090816,13,375.28,417.68,42.4
36. Tourette Alliance First Annual Conference 090816,14,417.68,438.56,20.88
36. Tourette Alliance First Annual Conference 090816,15,438.56,454.76,16.2
36. Tourette Alliance First Annual Conference 090816,16,454.76,500.28,45.52
36. Tourette Alliance First Annual Conference 090816,17,500.28,515.76,15.48
36. Tourette Alliance First Annual Conference 090816,18,515.76,555.12,39.36
36. Tourette Alliance First Annual Conference 090816,19,555.12,570.68,15.56
36. Tourette Alliance First Annual Conference 090816,20,570.68,610.6,39.92
36. Tourette Alliance First Annual Conference 090816,21,610.6,625.24,14.64
37. Clandeboye Festival 090816,1,0,14.32,14.32
37. Clandeboye Festival 090816,2,14.32,38.24,23.92
37. Clandeboye Festival 090816,3,38.24,49.52,11.28
37. Clandeboye Festival 090816,4,49.52,63.04,13.52
37. Clandeboye Festival 090816,5,63.04,98.52,35.48
37. Clandeboye Festival 090816,6,98.52,129.8,31.28
37. Clandeboye Festival 090816,7,129.8,160.04,30.24
37. Clandeboye Festival 090816,8,160.04,205.64,45.6
37. Clandeboye Festival 090816,9,205.64,235.04,29.4
37. Clandeboye Festival 090816,10,235.04,267.36,32.32
37. Clandeboye Festival 090816,11,267.36,313.52,46.16
37. Clandeboye Festival 090816,12,313.52,338.48,24.96
37. Clandeboye Festival 090816,13,338.48,372.88,34.4
38. ArtisAnn Art Gallery 090816,1,0,98.52,98.52
38. ArtisAnn Art Gallery 090816,2,98.52,136.08,37.56
38. ArtisAnn Art Gallery 090816,3,136.08,203.08,67
38. ArtisAnn Art Gallery 090816,4,203.08,264.52,61.44
38. ArtisAnn Art Gallery 090816,5,264.52,329.64,65.12
38. ArtisAnn Art Gallery 090816,6,329.64,347.24,17.6
38. ArtisAnn Art Gallery 090816,7,347.24,368.56,21.32
38. ArtisAnn Art Gallery 090816,8,368.56,380.04,11.48
38. ArtisAnn Art Gallery 090816,9,380.04,396.6,16.56
39. Child Poverty 010916,1,0,31.36,31.36
39. Child Poverty 010916,2,31.36,41.96,10.6
39. Child Poverty 010916,3,41.96,60.48,18.52
39. Child Poverty 010916,4,60.48,72.48,12
39. Child Poverty 010916,5,72.48,117.08,44.6
39. Child Poverty 010916,6,117.08,166.6,49.52
39. Child Poverty 010916,7,166.6,196.24,29.64
39. Child Poverty 010916,8,196.24,213.52,17.28
39. Child Poverty 010916,9,213.52,258.2,44.68
39. Child Poverty 010916,10,258.2,294.72,36.52
39. Child Poverty 010916,11,294.72,326.28,31.56
39. Child Poverty 010916,12,326.28,350.12,23.84
39. Child Poverty 010916,13,350.12,350.16,0.04
4. Ballymena Protest 040216,1,0,37.04,37.04
4. Ballymena Protest 040216,2,37.04,49.32,12.28
4. Ballymena Protest 040216,3,49.32,98.28,48.96
4. Ballymena Protest 040216,4,98.28,113.96,15.68
4. Ballymena Protest 040216,5,113.96,135.08,21.12
4. Ballymena Protest 040216,6,135.08,186.16,51.08
4. Ballymena Protest 040216,7,186.16,210.6,24.44
4. Ballymena Protest 040216,8,210.6,222.4,11.8
4. Ballymena Protest 040216,9,222.4,263.44,41.04
4. Ballymena Protest 040216,10,263.44,284.84,21.4
4. Ballymena Protest 040216,11,284.84,374.6,89.76
4. Ballymena Protest 040216,12,374.6,403.52,28.92
4. Ballymena Protest 040216,13,403.52,418.8,15.28
4. Ballymena Protest 040216,14,418.8,466.16,47.36
4. Ballymena Protest 040216,15,466.16,489.96,23.8
4. Ballymena Protest 040216,16,489.96,501.24,11.28
40. Belfast Tattoo 2016 010916,1,0,18.6,18.6
40. Belfast Tattoo 2016 010916,2,18.6,32.08,13.48
40. Belfast Tattoo 2016 010916,3,32.08,50.56,18.48
40. Belfast Tattoo 2016 010916,4,50.56,65.6,15.04
40. Belfast Tattoo 2016 010916,5,65.6,123.56,57.96
40. Belfast Tattoo 2016 010916,6,123.56,136.2,12.64
40. Belfast Tattoo 2016 010916,7,136.2,164.6,28.4
40. Belfast Tattoo 2016 010916,8,164.6,175.36,10.76
40. Belfast Tattoo 2016 010916,9,175.36,200.28,24.92
40. Belfast Tattoo 2016 010916,10,200.28,210.44,10.16
40. Belfast Tattoo 2016 010916,11,210.44,241.52,31.08
40. Belfast Tattoo 2016 010916,12,241.52,252.84,11.32
40. Belfast Tattoo 2016 010916,13,252.84,295.16,42.32
40. Belfast Tattoo 2016 010916,14,295.16,305.6,10.44
40. Belfast Tattoo 2016 010916,15,305.6,315.8,10.2
40. Belfast Tattoo 2016 010916,16,315.8,334,18.2
40. Belfast Tattoo 2016 010916,17,334,355.08,21.08
41. Healthy Lunches 010916,1,0,16,16
41. Healthy Lunches 010916,2,16,32.92,16.92
41. Healthy Lunches 010916,3,32.92,51.32,18.4
41. Healthy Lunches 010916,4,51.32,94.96,43.64
41. Healthy Lunches 010916,5,94.96,110.28,15.32
41. Healthy Lunches 010916,6,110.28,143.56,33.28
41. Healthy Lunches 010916,7,143.56,153.88,10.32
41. Healthy Lunches 010916,8,153.88,197.44,43.56
41. Healthy Lunches 010916,9,197.44,210.04,12.6
41. Healthy Lunches 010916,10,210.04,233.92,23.88
41. Healthy Lunches 010916,11,233.92,256.6,22.68
41. Healthy Lunches 010916,12,256.6,281.6,25
41. Healthy Lunches 010916,13,281.6,311.92,30.32
41. Healthy Lunches 010916,14,311.92,328.24,16.32
41. Healthy Lunches 010916,15,328.24,353.4,25.16
41. Healthy Lunches 010916,16,353.4,360.84,7.44
42. Traffic Congestion in Belfast City Centre 010916,1,0,31.56,31.56
42. Traffic Congestion in Belfast City Centre 010916,2,31.56,55.56,24
42. Traffic Congestion in Belfast City Centre 010916,3,55.56,78.84,23.28
42. Traffic Congestion in Belfast City Centre 010916,4,78.84,108.96,30.12
42. Traffic Congestion in Belfast City Centre 010916,5,108.96,135.56,26.6
42. Traffic Congestion in Belfast City Centre 010916,6,135.56,151.96,16.4
42. Traffic Congestion in Belfast City Centre 010916,7,151.96,165.08,13.12
42. Traffic Congestion in Belfast City Centre 010916,8,165.08,189.64,24.56
42. Traffic Congestion in Belfast City Centre 010916,9,189.64,205.48,15.84
42. Traffic Congestion in Belfast City Centre 010916,10,205.48,227.64,22.16
42. Traffic Congestion in Belfast City Centre 010916,11,227.64,268.36,40.72
42. Traffic Congestion in Belfast City Centre 010916,12,268.36,284.6,16.24
42. Traffic Congestion in Belfast City Centre 010916,13,284.6,296.84,12.24
42. Traffic Congestion in Belfast City Centre 010916,14,296.84,300.52,3.68
43. Market Tunnels 050916,1,0,38.8,38.8
43. Market Tunnels 050916,2,38.8,57.72,18.92
43. Market Tunnels 050916,3,57.72,78.24,20.52
43. Market Tunnels 050916,4,78.24,100.28,22.04
43. Market Tunnels 050916,5,100.28,128,27.72
43. Market Tunnels 050916,6,128,138.76,10.76
43. Market Tunnels 050916,7,138.76,151.08,12.32
43. Market Tunnels 050916,8,151.08,161.12,10.04
43. Market Tunnels 050916,9,161.12,182.36,21.24
43. Market Tunnels 050916,10,182.36,193.12,10.76
43. Market Tunnels 050916,11,193.12,305.8,112.68
43. Market Tunnels 050916,12,305.8,324.68,18.88
43. Market Tunnels 050916,13,324.68,345.56,20.88
43. Market Tunnels 050916,14,345.56,359.2,13.64
43. Market Tunnels 050916,15,359.2,367.44,8.24
44. Beat The Street 050916,1,0,64.76,64.76
44. Beat The Street 050916,2,64.76,137.2,72.44
44. Beat The Street 050916,3,137.2,149.32,12.12
44. Beat The Street 050916,4,149.32,159.64,10.32
44. Beat The Street 050916,5,159.64,196.28,36.64
44. Beat The Street 050916,6,196.28,207.6,11.32
44. Beat The Street 050916,7,207.6,227.92,20.32
44. Beat The Street 050916,8,227.92,238.04,10.12
44. Beat The Street 050916,9,238.04,262.04,24
44. Beat The Street 050916,10,262.04,280.56,18.52
44. Beat The Street 050916,11,280.56,319.6,39.04
44. Beat The Street 050916,12,319.6,332.96,13.36
44. Beat The Street 050916,13,332.96,359.04,26.08
45. Relate NI 050916,1,0,17.64,17.64
45. Relate NI 050916,2,17.64,47.44,29.8
45. Relate NI 050916,3,47.44,63.48,16.04
45. Relate NI 050916,4,63.48,96.68,33.2
45. Relate NI 050916,5,96.68,115.24,18.56
45. Relate NI 050916,6,115.24,147,31.76
45. Relate NI 050916,7,147,182.72,35.72
45. Relate NI 050916,8,182.72,211,28.28
45. Relate NI 050916,9,211,255.2,44.2
45. Relate NI 050916,10,255.2,273.96,18.76
45. Relate NI 050916,11,273.96,284.92,10.96
45. Relate NI 050916,12,284.92,318.8,33.88
46. Belfast Comedy Festival 050916,1,0,40,40
46. Belfast Comedy Festival 050916,2,40,53.08,13.08
46. Belfast Comedy Festival 050916,3,53.08,84.08,31
46. Belfast Comedy Festival 050916,4,84.08,95.96,11.88
46. Belfast Comedy Festival 050916,5,95.96,121.92,25.96
46. Belfast Comedy Festival 050916,6,121.92,138.88,16.96
46. Belfast Comedy Festival 050916,7,138.88,164.28,25.4
46. Belfast Comedy Festival 050916,8,164.28,184.92,20.64
46. Belfast Comedy Festival 050916,9,184.92,209.96,25.04
46. Belfast Comedy Festival 050916,10,209.96,230.2,20.24
46. Belfast Comedy Festival 050916,11,230.2,264.48,34.28
46. Belfast Comedy Festival 050916,12,264.48,315.8,51.32
47. Millions Missing Demonstration 290916,1,0,75.72,75.72
47. Millions Missing Demonstration 290916,2,75.72,91.44,15.72
47. Millions Missing Demonstration 290916,3,91.44,129.8,38.36
47. Millions Missing Demonstration 290916,4,129.8,142,12.2
47. Millions Missing Demonstration 290916,5,142,361.2,219.2
47. Millions Missing Demonstration 290916,6,361.2,388.44,27.24
47. Millions Missing Demonstration 290916,7,388.44,480.76,92.32
48. Shankill Arts Forum 290916,1,0,82.24,82.24
48. Shankill Arts Forum 290916,2,82.24,96.68,14.44
48. Shankill Arts Forum 290916,3,96.68,108.4,11.72
48. Shankill Arts Forum 290916,4,108.4,171.16,62.76
48. Shankill Arts Forum 290916,5,171.16,188.6,17.44
48. Shankill Arts Forum 290916,6,188.6,215.96,27.36
48. Shankill Arts Forum 290916,7,215.96,268.56,52.6
48. Shankill Arts Forum 290916,8,268.56,292.08,23.52
48. Shankill Arts Forum 290916,9,292.08,318.6,26.52
48. Shankill Arts Forum 290916,10,318.6,347.2,28.6
48. Shankill Arts Forum 290916,11,347.2,370.52,23.32
48. Shankill Arts Forum 290916,12,370.52,420.8,50.28
49. Arabic in Northern Ireland Schools 290916,1,0,20.2,20.2
49. Arabic in Northern Ireland Schools 290916,2,20.2,45.6,25.4
49. Arabic in Northern Ireland Schools 290916,3,45.6,65.96,20.36
49. Arabic in Northern Ireland Schools 290916,4,65.96,150.56,84.6
49. Arabic in Northern Ireland Schools 290916,5,150.56,162.04,11.48
49. Arabic in Northern Ireland Schools 290916,6,162.04,173.24,11.2
49. Arabic in Northern Ireland Schools 290916,7,173.24,215.64,42.4
49. Arabic in Northern Ireland Schools 290916,8,215.64,228.92,13.28
49. Arabic in Northern Ireland Schools 290916,9,228.92,279.76,50.84
49. Arabic in Northern Ireland Schools 290916,10,279.76,309.2,29.44
49. Arabic in Northern Ireland Schools 290916,11,309.2,359.28,50.08
49. Arabic in Northern Ireland Schools 290916,12,359.28,374.28,15
49. Arabic in Northern Ireland Schools 290916,13,374.28,387,12.72
49. Arabic in Northern Ireland Schools 290916,14,387,403.92,16.92
49. Arabic in Northern Ireland Schools 290916,15,403.92,422.12,18.2
49. Arabic in Northern Ireland Schools 290916,16,422.12,445,22.88
5. Listen to our young leaders - 4 Corners Festival 040216,1,0,19.32,19.32
5. Listen to our young leaders - 4 Corners Festival 040216,2,19.32,43.36,24.04
5. Listen to our young leaders - 4 Corners Festival 040216,3,43.36,59.72,16.36
5. Listen to our young leaders - 4 Corners Festival 040216,4,59.72,84.92,25.2
5. Listen to our young leaders - 4 Corners Festival 040216,5,84.92,107.08,22.16
5. Listen to our young leaders - 4 Corners Festival 040216,6,107.08,132.6,25.52
5. Listen to our young leaders - 4 Corners Festival 040216,7,132.6,147.8,15.2
5. Listen to our young leaders - 4 Corners Festival 040216,8,147.8,163.88,16.08
5. Listen to our young leaders - 4 Corners Festival 040216,9,163.88,177.72,13.84
5. Listen to our young leaders - 4 Corners Festival 040216,10,177.72,230.44,52.72
5. Listen to our young leaders - 4 Corners Festival 040216,11,230.44,245.2,14.76
5. Listen to our young leaders - 4 Corners Festival 040216,12,245.2,267,21.8
5. Listen to our young leaders - 4 Corners Festival 040216,13,267,291.88,24.88
5. Listen to our young leaders - 4 Corners Festival 040216,14,291.88,336.44,44.56
5. Listen to our young leaders - 4 Corners Festival 040216,15,336.44,351.88,15.44
5. Listen to our young leaders - 4 Corners Festival 040216,16,351.88,389.6,37.72
5. Listen to our young leaders - 4 Corners Festival 040216,17,389.6,400.84,11.24
5. Listen to our young leaders - 4 Corners Festival 040216,18,400.84,404.96,4.12
50. WHAT YOU SAY MATTERS Youth Forum 311016,1,0,76.2,76.2
50. WHAT YOU SAY MATTERS Youth Forum 311016,2,76.2,102.92,26.72
50. WHAT YOU SAY MATTERS Youth Forum 311016,3,102.92,116.56,13.64
50. WHAT YOU SAY MATTERS Youth Forum 311016,4,116.56,147.04,30.48
50. WHAT YOU SAY MATTERS Youth Forum 311016,5,147.04,164.64,17.6
50. WHAT YOU SAY MATTERS Youth Forum 311016,6,164.64,195.56,30.92
50. WHAT YOU SAY MATTERS Youth Forum 311016,7,195.56,215.88,20.32
50. WHAT YOU SAY MATTERS Youth Forum 311016,8,215.88,233.72,17.84
50. WHAT YOU SAY MATTERS Youth Forum 311016,9,233.72,264.88,31.16
50. WHAT YOU SAY MATTERS Youth Forum 311016,10,264.88,301.6,36.72
50. WHAT YOU SAY MATTERS Youth Forum 311016,11,301.6,327.96,26.36
50. WHAT YOU SAY MATTERS Youth Forum 311016,12,327.96,347,19.04
50. WHAT YOU SAY MATTERS Youth Forum 311016,13,347,364.6,17.6
50. WHAT YOU SAY MATTERS Youth Forum 311016,14,364.6,386,21.4
50. WHAT YOU SAY MATTERS Youth Forum 311016,15,386,407.04,21.04
50. WHAT YOU SAY MATTERS Youth Forum 311016,16,407.04,424.56,17.52
50. WHAT YOU SAY MATTERS Youth Forum 311016,17,424.56,462.8,38.24
6. Pupils Challenge Racism - Integrated Education Fund 040216,1,0,50.48,50.48
6. Pupils Challenge Racism - Integrated Education Fund 040216,2,50.48,64.44,13.96
6. Pupils Challenge Racism - Integrated Education Fund 040216,3,64.44,83,18.56
6. Pupils Challenge Racism - Integrated Education Fund 040216,4,83,99.24,16.24
6. Pupils Challenge Racism - Integrated Education Fund 040216,5,99.24,153.72,54.48
6. Pupils Challenge Racism - Integrated Education Fund 040216,6,153.72,187.08,33.36
6. Pupils Challenge Racism - Integrated Education Fund 040216,7,187.08,203.16,16.08
6. Pupils Challenge Racism - Integrated Education Fund 040216,8,203.16,230.8,27.64
6. Pupils Challenge Racism - Integrated Education Fund 040216,9,230.8,249.12,18.32
6. Pupils Challenge Racism - Integrated Education Fund 040216,10,249.12,273.48,24.36
6. Pupils Challenge Racism - Integrated Education Fund 040216,11,273.48,284,10.52
6. Pupils Challenge Racism - Integrated Education Fund 040216,12,284,314.32,30.32
6. Pupils Challenge Racism - Integrated Education Fund 040216,13,314.32,325.52,11.2
6. Pupils Challenge Racism - Integrated Education Fund 040216,14,325.52,378.12,52.6
6. Pupils Challenge Racism - Integrated Education Fund 040216,15,378.12,394,15.88
6. Pupils Challenge Racism - Integrated Education Fund 040216,16,394,404.52,10.52
6. Pupils Challenge Racism - Integrated Education Fund 040216,17,404.52,425.36,20.84
6. Pupils Challenge Racism - Integrated Education Fund 040216,18,425.36,437.64,12.28
6. Pupils Challenge Racism - Integrated Education Fund 040216,19,437.64,461.8,24.16
6. Pupils Challenge Racism - Integrated Education Fund 040216,20,461.8,472.24,10.44
6. Pupils Challenge Racism - Integrated Education Fund 040216,21,472.24,486.88,14.64
7. Adrian Ismay Vigil 230316,1,0,82.96,82.96
7. Adrian Ismay Vigil 230316,2,82.96,98.28,15.32
7. Adrian Ismay Vigil 230316,3,98.28,117.6,19.32
7. Adrian Ismay Vigil 230316,4,117.6,131.96,14.36
7. Adrian Ismay Vigil 230316,5,131.96,143.08,11.12
7. Adrian Ismay Vigil 230316,6,143.08,153.2,10.12
7. Adrian Ismay Vigil 230316,7,153.2,178.6,25.4
7. Adrian Ismay Vigil 230316,8,178.6,212.76,34.16
7. Adrian Ismay Vigil 230316,9,212.76,223.72,10.96
7. Adrian Ismay Vigil 230316,10,223.72,245.04,21.32
7. Adrian Ismay Vigil 230316,11,245.04,269.28,24.24
8. REFRESH- PSNI Young Digital Team 230316,1,0,35.32,35.32
8. REFRESH- PSNI Young Digital Team 230316,2,35.32,51.96,16.64
8. REFRESH- PSNI Young Digital Team 230316,3,51.96,63.6,11.64
8. REFRESH- PSNI Young Digital Team 230316,4,63.6,136.04,72.44
8. REFRESH- PSNI Young Digital Team 230316,5,136.04,149.04,13
8. REFRESH- PSNI Young Digital Team 230316,6,149.04,168.24,19.2
8. REFRESH- PSNI Young Digital Team 230316,7,168.24,184.88,16.64
8. REFRESH- PSNI Young Digital Team 230316,8,184.88,206,21.12
8. REFRESH- PSNI Young Digital Team 230316,9,206,224.84,18.84
8. REFRESH- PSNI Young Digital Team 230316,10,224.84,231.2,6.36
9. KESS - Enabling Access to Justice 230316,1,0,31.4,31.4
9. KESS - Enabling Access to Justice 230316,2,31.4,80.96,49.56
9. KESS - Enabling Access to Justice 230316,3,80.96,97.2,16.24
9. KESS - Enabling Access to Justice 230316,4,97.2,115.2,18
9. KESS - Enabling Access to Justice 230316,5,115.2,135.44,20.24
9. KESS - Enabling Access to Justice 230316,6,135.44,171.4,35.96
9. KESS - Enabling Access to Justice 230316,7,171.4,198,26.6
9. KESS - Enabling Access to Justice 230316,8,198,227.48,29.48
9. KESS - Enabling Access to Justice 230316,9,227.48,246.8,19.32
9. KESS - Enabling Access to Justice 230316,10,246.8,276.56,29.76
9. KESS - Enabling Access to Justice 230316,11,276.56,297.52,20.96
9. KESS - Enabling Access to Justice 230316,12,297.52,371.16,73.64
