name	model	quant
internvl3_5_1b	OpenGVLab/InternVL3_5-1B-HF	none
internvl3_5_2b	OpenGVLab/InternVL3_5-2B-HF	none
internvl3_5_4b	OpenGVLab/InternVL3_5-4B-HF	none
qwen3_5_0_8b	Qwen/Qwen3.5-0.8B	none
qwen3_5_2b	Qwen/Qwen3.5-2B	none
qwen3_5_4b	Qwen/Qwen3.5-4B	none
qwen3_5_9b_bf16	Qwen/Qwen3.5-9B	none
qwen3_5_9b_8bit	Qwen/Qwen3.5-9B	8bit
qwen3_5_9b_4bit	Qwen/Qwen3.5-9B	4bit
qwen3_6_27b_bf16	Qwen/Qwen3.6-27B	none
qwen3_6_27b_hqq8	Qwen/Qwen3.6-27B	hqq8
qwen3_6_27b_hqq4	Qwen/Qwen3.6-27B	hqq4
qwen3_6_27b_hqq2	Qwen/Qwen3.6-27B	hqq2
qwen3_6_27b_hqq1	Qwen/Qwen3.6-27B	hqq1
qwen3_5_9b_w4a16_redhat_h100	RedHatAI/Qwen3.5-9B-quantized.w4a16	none
qwen3_5_9b_fp8_redhat_h100	RedHatAI/Qwen3.5-9B-FP8-dynamic	none
qwen3_5_9b_bf16_h100	Qwen/Qwen3.5-9B	none
qwen3_6_27b_fp8_h100	Qwen/Qwen3.6-27B-FP8	none
qwen3_6_27b_int4_intel_h100	Intel/Qwen3.6-27B-int4-AutoRound	none
qwen3_6_27b_bf16_h100	Qwen/Qwen3.6-27B	none
